Model,MAE,MSE,RMSE,R2 Score
Linear Regression,7.415541770036703,81.2751443896494,9.015272840555044,0.8949916442517422
Decision Tree,3.5368405434772314,19.177166736619725,4.379174207155925,0.9752228954861251
Random Forest,2.6143025135567775,9.676961165920703,3.1107814397544393,0.9874972626833932
XGBoost,2.781620428187325,10.96232100945879,3.310939596165836,0.9858365640192643
CatBoost,2.637342927182257,9.726228035443976,3.118690115327904,0.9874336093610847
